"celebrity_id","celebrity","notability"
1,"Erin Andrews","ESPN sportscaster"
2,"Evan Lysacek","Olympic figure skater"
3,"Niecy Nash","Comedian, actress & host"
4,"Aiden Turner","All My Children actor"
5,"Kurt Warner","NFL quarterback"
6,"Nicole Scherzinger","Pussycat Dolls singer"
7,"Jake Pavelka","The Bachelor star"
8,"Kate Gosselin","Reality television star"
9,"Chad Ochocinco","NFL wide receiver"
10,"Brandy","Singer & actress"
11,"Rick Fox","NBA small forward"
12,"Kyle Massey","Disney Channel actor & rapper"
13,"The Situation","Jersey Shore star"
14,"Pamela Anderson","Playboy model & actress"
15,"Florence Henderson","The Brady Bunch actress"
16,"Jennifer Grey","Film & television actress"
17,"Bristol Palin","Activist, author &---daughter of Sarah Palin"
18,"Audrina Patridge","The Hills star"
19,"George Hamilton","Actor"
20,"Cody Linley","Hannah Montana actor"
21,"Penn Jillette","Magician"
22,"Jennie Garth","Television actress"
23,"Ian Ziering","Television actor"
24,"Joey Lawrence","Television actor"
25,"Joey Fatone","NSYNC singer & actor"
26,"Metta World Peace","NBA small forward"
27,"Lisa Rinna","Television actress & host"
28,"Kenny Mayne","ESPN anchorman"
29,"Stacy Keibler","WWE Diva"
30,"Chelsea Kane","Disney Channel actress"
31,"Rocco DiSpirito","Celebrity chef & author"
32,"Toni Braxton","Singer-songwriter"
33,"Maurice Greene","Olympic sprinter"
34,"Brooke Burke","Model & television host"
35,"Ted McGinley","Film & television actor"
36,"Jason Taylor","NFL defensive end"
37,"Cristián de la Fuente","Film & television actor"
38,"Adam Carolla","Comedian & radio host"
39,"Mario","R&B singer"
40,"Aaron Carter","Singer & actor"
41,"Lil' Kim","Rapper"
42,"Willow Shields","The Hunger Games actress"
43,"Josie Maran","Model & actress"
44,"Sabrina Bryan","The Cheetah Girls singer & actress"
45,"Marie Osmond","Entertainer"
46,"Mel B","Spice Girls singer"
47,"Jane Seymour","Film & television actress"
48,"Antonio Sabàto Jr.","General Hospital actor & model"
49,"Paulina Porizkova","Supermodel"
50,"Billy Ray Cyrus","Country music singer & actor"
51,"Leeza Gibbons","Talk-show host"
52,"Sara Evans","Country music singer"
53,"Tucker Carlson","News anchor & commentator"
54,"Monique Coleman","High School Musical actress"
55,"Emmitt Smith","NFL running back"
56,"Shawn Johnson","Olympic gymnast"
57,"Hélio Castroneves","Indy 500 champion"
58,"Melissa Rycroft","Television presenter"
59,"NeNe Leakes","Reality television star & actress"
60,"Rob Kardashian","Reality television star"
61,"Kristin Cavallari","Reality television star"
62,"Chynna Phillips","Wilson Phillips singer---& solo artist"
63,"Brant Daugherty","Pretty Little Liars actor"
64,"Kellie Pickler","Country music singer"
65,"Maria Menounos","Television host"
66,"Drew Lachey","98 Degrees singer"
67,"Tia Carrere","Actress & model"
68,"Master P","Rapper & entrepreneur"
69,"Giselle Fernandez","Television journalist"
70,"Jerry Rice","NFL wide receiver"
71,"Wendy Williams","Talk show host & author"
72,"Hines Ward","NFL wide receiver"
73,"Petra Němcová","Supermodel"
74,"Lance Bass","NSYNC singer"
75,"Cloris Leachman","Film & television actress"
76,"Jeffrey Ross","Stand-up comedian"
77,"Kim Kardashian","Reality television star"
78,"Susan Lucci","All My Children actress"
79,"Steve Guttenberg","Film actor"
80,"Shannon Elizabeth","American Pie actress"
81,"Chris Mazdzer","Olympic luger"
82,"Terrell Owens","NFL wide receiver"
83,"Shannen Doherty","Film & television actress"
84,"Chuck Liddell","UFC fighter"
85,"Mark Dacascos","Iron Chef America chairman"
86,"Ashley Hamilton","Actor & comedian"
87,"Donny Osmond","Singer & actor"
88,"Belinda Carlisle","Singer-songwriter"
89,"Lawrence Taylor","NFL linebacker"
90,"Steve-O","Jackass star"
91,"Gilles Marini","Actor"
92,"Chuck Wicks","Country singer"
93,"Normani","Fifth Harmony singer"
94,"Robert Herjavec","Shark Tank panelist & businessman"
95,"Riker Lynch","R5 singer & actor"
96,"Charlotte McKinney","Model & actress"
97,"Marilu Henner","Actress, broadcaster & author"
98,"Kim Fields","Actress & reality television star"
99,"Victor Espinoza","Jockey"
100,"Cameron Mathison","All My Children actor & TV host"
101,"Lea Thompson","Film & television actress"
102,"Janel Parrish","Pretty Little Liars actress"
103,"Lolo Jones","Olympic athlete"
104,"Betsey Johnson","Fashion designer"
105,"Laila Ali","Professional boxer"
106,"John Ratzenberger","Film & television actor & author"
107,"Shandi Finnessey","Miss USA 2004"
108,"Clyde Drexler","NBA player"
109,"Heather Mills","Model & charity campaigner"
110,"Willa Ford","Pop singer & actress"
111,"Mario Lopez","Television actor & host"
112,"Shanna Moakler","Model, actress & reality television star"
113,"Harry Hamlin","Film & television actor"
114,"Vivica A. Fox","Film actress & producer"
115,"Apolo Anton Ohno","Olympic short track---speed skater"
116,"Kelly Monaco","Model & actress"
117,"James Maslow","Big Time Rush singer & actor"
118,"Danica McKellar","The Wonder Years actress & author"
119,"Sean Avery","NHL player"
120,"Billy Dee Williams","Movie actor"
121,"Nancy Grace","HLN host & prosecutor"
122,"David Arquette","Actor"
123,"Elisabetta Canalis","Model & actress"
124,"Hope Solo","USA soccer team goalkeeper"
125,"Leah Remini","Sitcom actress"
126,"Corbin Bleu","High School Musical actor"
127,"Jack Osbourne","Reality television star"
128,"Amber Riley","Glee actress"
129,"Elizabeth Berkley Lauren","Film & television actress"
130,"Victor Ortiz","Professional boxer"
131,"Ingo Rademacher","General Hospital actor"
132,"Lisa Vanderpump","Reality television star"
133,"Jack Wagner","Actor & singer"
134,"Donald Driver","NFL wide receiver"
135,"Gavin DeGraw","Singer-songwriter"
136,"Roshon Fegan","Disney Channel actor & rapper"
137,"Sherri Shepherd","The View panelist & actress"
138,"Tatum O'Neal","Film actress"
139,"Romeo","Rapper & actor"
140,"Sugar Ray Leonard","Professional boxer"
141,"Kendra Wilkinson","Model & reality television star"
142,"Misty May-Treanor","Olympic beach volleyball player"
143,"Warren Sapp","NFL defensive tackle"
144,"Monica Seles","Professional tennis player"
145,"Marissa Jaret Winokur","Broadway actress"
146,"Priscilla Presley","Actress & businesswoman"
147,"Kristi Yamaguchi","Olympic figure skater"
148,"Margaret Cho","Stand-up comedian"
149,"Kareem Abdul-Jabbar","NBA center"
150,"Jennie Finch Daigle","Olympic softball pitcher"
151,"Jamie Anderson","Olympic snowboarder"
152,"Mirai Nagasu","Olympic figure skater"
153,"Debbie Gibson","Singer-songwriter---& Broadway actress"
154,"Sasha Pieterse","Pretty Little Liars actress"
155,"Drew Scott","Property Brothers co-host"
156,"Joey McIntyre","New Kids on the Block singer"
157,"Jordin Sparks","Singer-songwriter & actress"
158,"Melanie C","Spice Girls singer"
159,"Buzz Aldrin","Apollo 11 astronaut"
160,"Louie Vito","Snowboarder"
161,"Michael Irvin","NFL player"
162,"Tom DeLay","U.S. House Majority Leader"
163,"Holly Madison","Playboy model &---reality television star"
164,"Ty Murray","Rodeo cowboy"
165,"Nancy Kerrigan","Olympic figure skater"
166,"Chris Kattan","Actor & comedian"
167,"Bonner Bolton","Model & bull rider"
168,"Charo","Actress, comedian & musician"
169,"Patti LaBelle","Soul singer"
170,"Chris Soules","The Bachelor star"
171,"Michael Sam","NFL defensive end"
172,"James Hinchcliffe","IndyCar driver"
173,"Calvin Johnson Jr.","NFL wide receiver"
174,"Maureen McCormick","Actress & author"
175,"Babyface","Singer-songwriter &---record producer"
176,"Paige VanZant","UFC fighter & model"
177,"Doug Flutie","NFL quarterback"
178,"Jodie Sweetin","Full House actress"
179,"Geraldo Rivera","Journalist & talk show host"
180,"Tamar Braxton","R&B singer & reality television star"
181,"Chaka Khan","Funk & R&B singer"
182,"Hayes Grier","Vine & social media personality"
183,"Floyd Mayweather Jr.","Professional boxer"
184,"Albert Reed","Supermodel"
185,"Mark Cuban","Dallas Mavericks owner---& entrepreneur"
186,"Tavis Smiley","Television & radio broadcaster"
187,"Sadie Robertson","Duck Dynasty star"
188,"Michael Waltrip","NASCAR racer"
189,"Jerry Springer","Talk show host"
190,"Kirstie Alley","Film & television actress"
191,"Meryl Davis","Olympic ice dancer"
192,"Candace Cameron Bure","Full House actress & author"
193,"Cody Simpson","Singer-songwriter"
194,"Carson Kressley","Television host"
195,"J.R. Martinez","Actor & Army veteran"
196,"Ricki Lake","Actress & talk show host"
197,"Chaz Bono","Transgender activist & author"
198,"Bill Nye","Science education host"
199,"Keyshawn Johnson","NFL wide receiver"
200,"Christina Milian","Singer & actress"
201,"Bill Engvall","Stand-up comedian & actor"
202,"D.L. Hughley","Comedian & television actor"
203,"Zendaya","Disney Channel star"
204,"Sean Lowe","Reality television star"
205,"Alexandra Raisman","Olympic gymnast"
206,"Melissa Gilbert","Actress"
207,"William Levy","Telenovela actor"
208,"Martina Navratilova","Professional tennis player"
209,"Ralph Macchio","Film actor"
210,"Chris Jericho","WWE wrestler"
211,"Mike Catherwood","Radio personality"
212,"Marlee Matlin","Film & television actress"
213,"Michael Bolton","Singer-songwriter"
214,"Arike Ogunbowale","Women's basketball player"
215,"Adam Rippon","Olympic figure skater"
216,"Johnny Damon","MLB outfielder"
217,"Tonya Harding","Olympic figure skater"
218,"Josh Norman","NFL cornerback"
219,"Barbara Corcoran","Shark Tank panelist---& businesswoman"
220,"Jordan Fisher","Actor & singer"
221,"Nick Lachey","98 Degrees singer"
222,"Vanessa Lachey","Actress & television host"
223,"Rachel Hunter","Supermodel"
224,"Evander Holyfield","Heavyweight boxer"
225,"John O'Hurley","Television actor---& game show host"
226,"Sam Champion","Good Morning America meteorologist"
227,"Heidi D'Amelio","Social media personality"
228,"Daniel Durant","Film & television actor"
229,"Mike ""The Miz"" Mizanin","WWE wrestler"
230,"Iman Shumpert","NBA shooting guard"
231,"Olivia Jade","Social media personality"
232,"Jimmie Allen","Country music singer"
233,"Melora Hardin","Film & television actress"
234,"Steve Wozniak","Apple co-founder"
235,"David Alan Grier","Actor & comedian"
236,"Denise Richards","Actress"
237,"Nick Viall","The Bachelor star"
238,"Heather Morris","Glee actress & dancer"
239,"David Ross","MLB catcher"
240,"Nastia Liukin","Olympic artistic gymnast"
241,"Redfoo","LMFAO singer, producer & rapper"
242,"Noah Galloway","Soldier & personal trainer"
243,"Suzanne Somers","Television actress & author"
244,"Amber Rose","Model & actress"
245,"Vanilla Ice","Rapper & actor"
246,"Jana Kramer","Country music singer & actress"
247,"Marla Maples","Actress & television personality"
248,"Wanyá Morris","Boyz II Men singer"
249,"Ginger Zee","Good Morning America---meteorologist"
250,"Mischa Barton","Film & television actress"
251,"Andy Grammer","Singer-songwriter"
252,"Paula Deen","Celebrity chef & businesswoman"
253,"Carlos PenaVega","Big Time Rush singer & actor"
254,"Alexa PenaVega","Film & television actress"
255,"Wayne Newton","Las Vegas entertainer"
256,"Jonathan Bennett","Mean Girls actor"
257,"Tommy Chong","Comedian & actor"
258,"Randy Couture","UFC mixed martial artist"
259,"Bethany Mota","YouTube personality"
260,"Drew Carey","Television host, actor & comedian"
261,"Amy Purdy","Paralympic snowboarder[5]"
262,"Diana Nyad","Long-distance swimmer"
263,"Valerie Harper","Television actress"
264,"Nicole ""Snooki"" Polizzi","Jersey Shore star"
265,"Dorothy Hamill","Olympic figure skater"
266,"Wynonna Judd","Country music singer"
267,"Andy Dick","Actor & comedian"
268,"Jacoby Jones","NFL wide receiver"
269,"Katherine Jenkins","Classical singer"
270,"Gladys Knight","Soul singer"
271,"Jaleel White","Television actor"
272,"David Hasselhoff","Actor & singer"
273,"Frankie Muniz","Actor & race car driver"
274,"Nikki Bella","WWE wrestler"
275,"Derek Fisher","NBA point guard"
276,"Victoria Arlen","Paralympic swimmer---& ESPN host"
277,"Lindsey Stirling","Violinist & composer"
278,"Trista Sutter","The Bachelorette star"
279,"Jessie James Decker","Country music singer"
280,"Teresa Giudice","The Real Housewives of New Jersey star"
281,"Wayne Brady","Comedian, actor & television personality"
282,"Cheryl Ladd","Charlie's Angels actress & author"
283,"Vinny Guadagnino","Jersey Shore star"
284,"Suni Lee","Olympic artistic gymnast"
285,"Cody Rigsby","Peloton instructor & fitness personality"
286,"Amanda Kloots","The Talk co-host"
287,"Erika Jayne","Singer & reality television star"
288,"Rashad Jennings","NFL running back"
289,"Mr. T","Actor & wrestler"
290,"Simone Biles","Olympic artistic gymnast"
291,"Rumer Willis","Film & television actress"
292,"Jake T. Austin","Actor"
293,"Rick Perry","Governor of Texas"
294,"Terra Jolé","Reality television star"
295,"Nyle DiMarco","Model & actor"
296,"Antonio Brown","NFL wide receiver"
297,"Von Miller","NFL linebacker"
298,"Kim Zolciak-Biermann","Reality television star"
299,"Bindi Irwin","Wildlife conservationist & actress"
300,"Gary Busey","Film actor"
301,"Alek Skarlatos","Legion of Honor recipient & soldier"
302,"Alfonso Ribeiro","Television actor"
303,"Charlie White","Olympic ice dancer"
304,"Shangela","Drag queen & RuPaul's Drag Race star"
305,"Trevor Donovan","Actor & model"
306,"Gabby Windey","The Bachelorette star"
307,"Joseph Baena","Professional bodybuilder & actor"
308,"Martin Kove","Film & television actor"
309,"Kenya Moore","The Real Housewives of Atlanta star"
310,"Christine Chiu","Bling Empire star"
311,"Matt James","The Bachelor star"
312,"Brian Austin Green","Television actor"
313,"Debi Mazar","Film & television actress"
314,"Ryan Lochte","Olympic swimmer"
315,"Laurie Hernandez","Olympic artistic gymnast"
316,"Nick Carter","Backstreet Boys singer"
317,"Jason Lewis","Sex and the City actor"
318,"Selma Blair","Film & television actress"
319,"Charli D'Amelio","Social media personality & dancer"
320,"JoJo Siwa","YouTube personality, dancer & singer"
321,"Melissa Joan Hart","Television actress"
322,"Mýa","Singer-songwriter & actress"
323,"Kathy Ireland","Model & entrepreneur"
324,"Natalie Coughlin","Olympic swimmer"
325,"Macy Gray","R&B singer"
326,"Joanna Krupa","Model & actress"
327,"Kelly Osbourne","Reality television star & singer"
328,"AJ McLean","Backstreet Boys singer"
329,"Chrishell Stause","Actress & Selling Sunset star"
330,"Vernon Davis","NFL tight end"
331,"Anne Heche","Film & television actress"
332,"Jeannie Mai","Television host & stylist"
333,"Jesse Metcalfe","Film & television actor"
334,"Skai Jackson","Disney Channel actress"
335,"Kaitlyn Bristowe","The Bachelorette star"
336,"Nev Schulman","Catfish host & producer"
337,"Johnny Weir","Olympic figure skater"
338,"Justina Machado","Film & television actress"
339,"Charles Oakley","NBA power forward"
340,"Monica Aldama","Cheer star & coach"
341,"Nelly","Rapper & singer"
342,"Carole Baskin","Tiger King star & animal activist"
343,"Hannah Brown","The Bachelorette star"
344,"Kel Mitchell","Actor & comedian"
345,"Kate Flannery","The Office actress"
346,"Lamar Odom","NBA forward"
347,"Lauren Alaina","Country music singer"
348,"Sailor Brinkley-Cook","Model &---daughter of Christie Brinkley"
349,"Karamo Brown","Queer Eye expert & activist"
350,"Ray Lewis","NFL linebacker"
351,"Mary Wilson","The Supremes singer"
352,"Ally Brooke","Fifth Harmony singer"
353,"Sean Spicer","White House Press Secretary"
354,"James Van Der Beek","Dawson's Creek actor"
355,"Mary Lou Retton","Olympic gymnast"
356,"Milo Manheim","Disney Channel star"
357,"Evanna Lynch","Harry Potter actress & activist"
358,"Danelle Umstead","Paralympic alpine skier"
359,"Bobby Bones","Radio personality"
360,"Juan Pablo Di Pace","Fuller House actor"
361,"Nikki Glaser","Comedian & podcast host"
362,"Alexis Ren","Model & social media personality"
363,"John Schneider","Actor & country music singer"
364,"Tinashe","Singer-songwriter"
365,"Nancy McKeon","The Facts of Life actress"
366,"Joe Amabile","Reality television star"
367,"DeMarcus Ware","NFL linebacker"
